id;nom_fichier;type;fichier_url;date_upload;work_order_id
1;PCI Security Progressive;Pennsylvania;engineer Principal;2026-03-11T14:44:27;76416
2;EXE function Leu;Refined Movies;Fresh;2026-03-12T05:06:39;42738
3;reboot Maryland;Practical JSON;revolutionize Implemented;2026-03-11T16:44:59;25906
4;end-to-end Refined Arkansas;Mouse;Agent;2026-03-12T03:14:38;88283
5;seamless Coordinator redundant;quantifying;standardization incremental;2026-03-11T15:11:02;41846
6;Unbranded deploy;Account visionary Exclusive;Account;2026-03-12T10:17:52;9527
7;installation Wisconsin systemic;application;Borders;2026-03-12T08:31:07;77201
8;mobile deposit SCSI;iterate;motivating optical;2026-03-11T22:44:21;58558
9;Republic;Rubber Books;distributed;2026-03-12T10:05:36;44641
10;frame engage overriding;JSON;American plum;2026-03-12T07:49:56;23527
